<?xml version="1.0" encoding="UTF-8"?>
<!--
	Licensed Materials - Property of IBM
	5725-I43 (C) Copyright IBM Corp. 2011, 2013. All Rights Reserved.
	US Government Users Restricted Rights - Use, duplication or
	disclosure restricted by GSA ADP Schedule Contract with IBM Corp.
-->
<mfp:adapter name="MessageHubAdapter"
	xmlns:xsi="http://www.w3.org/2001/XMLSchema-instance" 
	xmlns:mfp="http://www.ibm.com/mfp/integration"
	xmlns:http="http://www.ibm.com/mfp/integration/http">

	<displayName>MessageHubAdapter</displayName>
	<description>MessageHubAdapter</description>

	<JAXRSApplicationClass>com.sample.MessageHubAdapterApplication</JAXRSApplicationClass>

	<property name="kafka-rest-url" defaultValue="https://kafka-rest-prod01.messagehub.services.us-south.bluemix.net:443"/>
	<property name="messagehub-api-key" defaultValue="0IKl36QD9BDFtTXd7EeNWTFiz90OT7HdNM7F9Rlah56MvR6N"/>

	<property name="messagehub-username" defaultValue="0IKl36QD9BDFtTXd"/>
	<property name="messagehub-password" defaultValue="7EeNWTFiz90OT7HdNM7F9Rlah56MvR6N"/>

	<property name="message-hub-servers" defaultValue="kafka01-prod01.messagehub.services.us-south.bluemix.net:9093,kafka02-prod01.messagehub.services.us-south.bluemix.net:9093,kafka03-prod01.messagehub.services.us-south.bluemix.net:9093,kafka04-prod01.messagehub.services.us-south.bluemix.net:9093,kafka05-prod01.messagehub.services.us-south.bluemix.net:9093"/>
	<property name="truststore-path" defaultValue="/home/vcap/app/.java/jre/lib/security/cacerts"/>
	<property name="truststore-password" defaultValue="changeit"/>
	<property name="truststore-type" defaultValue="JKS"/>
</mfp:adapter>
